"REF_DATE","GEO","DGUID","Statistics","UOM","UOM_ID","SCALAR_FACTOR","SCALAR_ID","VECTOR","COORDINATE","VALUE","STATUS","SYMBOL","TERMINATED","DECIMALS"
"2000","British Columbia [59]","2016A000259","Crime severity index","Index","160","units","0","v44312671","36.1","144.65","","","","2"
"2001","British Columbia [59]","2016A000259","Crime severity index","Index","160","units","0","v44312671","36.1","146.64","","","","2"
"2002","British Columbia [59]","2016A000259","Crime severity index","Index","160","units","0","v44312671","36.1","148.10","","","","2"
"2003","British Columbia [59]","2016A000259","Crime severity index","Index","160","units","0","v44312671","36.1","154.69","","","","2"
"2004","British Columbia [59]","2016A000259","Crime severity index","Index","160","units","0","v44312671","36.1","153.38","","","","2"
"2005","British Columbia [59]","2016A000259","Crime severity index","Index","160","units","0","v44312671","36.1","146.31","","","","2"
"2006","British Columbia [59]","2016A000259","Crime severity index","Index","160","units","0","v44312671","36.1","139.79","","","","2"
"2007","British Columbia [59]","2016A000259","Crime severity index","Index","160","units","0","v44312671","36.1","132.42","","","","2"
"2008","British Columbia [59]","2016A000259","Crime severity index","Index","160","units","0","v44312671","36.1","121.81","","","","2"
"2009","British Columbia [59]","2016A000259","Crime severity index","Index","160","units","0","v44312671","36.1","111.85","","","","2"
"2010","British Columbia [59]","2016A000259","Crime severity index","Index","160","units","0","v44312671","36.1","104.13","","","","2"
"2011","British Columbia [59]","2016A000259","Crime severity index","Index","160","units","0","v44312671","36.1","96.70","","","","2"
"2012","British Columbia [59]","2016A000259","Crime severity index","Index","160","units","0","v44312671","36.1","94.53","","","","2"
"2013","British Columbia [59]","2016A000259","Crime severity index","Index","160","units","0","v44312671","36.1","87.71","","","","2"
"2014","British Columbia [59]","2016A000259","Crime severity index","Index","160","units","0","v44312671","36.1","90.18","","","","2"
"2015","British Columbia [59]","2016A000259","Crime severity index","Index","160","units","0","v44312671","36.1","92.65","","","","2"
"2016","British Columbia [59]","2016A000259","Crime severity index","Index","160","units","0","v44312671","36.1","91.73","","","","2"
"2017","British Columbia [59]","2016A000259","Crime severity index","Index","160","units","0","v44312671","36.1","87.14","","","","2"
"2018","British Columbia [59]","2016A000259","Crime severity index","Index","160","units","0","v44312671","36.1","88.84","","","","2"
"2019","British Columbia [59]","2016A000259","Crime severity index","Index","160","units","0","v44312671","36.1","104.28","","","","2"
"2020","British Columbia [59]","2016A000259","Crime severity index","Index","160","units","0","v44312671","36.1","97.35","","","","2"
"2021","British Columbia [59]","2016A000259","Crime severity index","Index","160","units","0","v44312671","36.1","92.86","","","","2"
"2000","British Columbia [59]","2016A000259","Percent change in crime severity index","Percent","239","units","0","v44312672","36.2","-7.13","","","","2"
"2001","British Columbia [59]","2016A000259","Percent change in crime severity index","Percent","239","units","0","v44312672","36.2","1.38","","","","2"
"2002","British Columbia [59]","2016A000259","Percent change in crime severity index","Percent","239","units","0","v44312672","36.2","1.00","","","","2"
"2003","British Columbia [59]","2016A000259","Percent change in crime severity index","Percent","239","units","0","v44312672","36.2","4.45","","","","2"
"2004","British Columbia [59]","2016A000259","Percent change in crime severity index","Percent","239","units","0","v44312672","36.2","-0.85","","","","2"
"2005","British Columbia [59]","2016A000259","Percent change in crime severity index","Percent","239","units","0","v44312672","36.2","-4.61","","","","2"
"2006","British Columbia [59]","2016A000259","Percent change in crime severity index","Percent","239","units","0","v44312672","36.2","-4.46","","","","2"
"2007","British Columbia [59]","2016A000259","Percent change in crime severity index","Percent","239","units","0","v44312672","36.2","-5.27","","","","2"
"2008","British Columbia [59]","2016A000259","Percent change in crime severity index","Percent","239","units","0","v44312672","36.2","-8.01","","","","2"
"2009","British Columbia [59]","2016A000259","Percent change in crime severity index","Percent","239","units","0","v44312672","36.2","-8.18","","","","2"
"2010","British Columbia [59]","2016A000259","Percent change in crime severity index","Percent","239","units","0","v44312672","36.2","-6.90","","","","2"
"2011","British Columbia [59]","2016A000259","Percent change in crime severity index","Percent","239","units","0","v44312672","36.2","-7.14","","","","2"
"2012","British Columbia [59]","2016A000259","Percent change in crime severity index","Percent","239","units","0","v44312672","36.2","-2.24","","","","2"
"2013","British Columbia [59]","2016A000259","Percent change in crime severity index","Percent","239","units","0","v44312672","36.2","-7.21","","","","2"
"2014","British Columbia [59]","2016A000259","Percent change in crime severity index","Percent","239","units","0","v44312672","36.2","2.82","","","","2"
"2015","British Columbia [59]","2016A000259","Percent change in crime severity index","Percent","239","units","0","v44312672","36.2","2.74","","","","2"
"2016","British Columbia [59]","2016A000259","Percent change in crime severity index","Percent","239","units","0","v44312672","36.2","-0.99","","","","2"
"2017","British Columbia [59]","2016A000259","Percent change in crime severity index","Percent","239","units","0","v44312672","36.2","-5.00","","","","2"
"2018","British Columbia [59]","2016A000259","Percent change in crime severity index","Percent","239","units","0","v44312672","36.2","1.95","","","","2"
"2019","British Columbia [59]","2016A000259","Percent change in crime severity index","Percent","239","units","0","v44312672","36.2","17.38","","","","2"
"2020","British Columbia [59]","2016A000259","Percent change in crime severity index","Percent","239","units","0","v44312672","36.2","-6.65","","","","2"
"2021","British Columbia [59]","2016A000259","Percent change in crime severity index","Percent","239","units","0","v44312672","36.2","-4.61","","","","2"
"2000","British Columbia [59]","2016A000259","Violent crime severity index","Index","160","units","0","v44312673","36.3","122.20","","","","2"
"2001","British Columbia [59]","2016A000259","Violent crime severity index","Index","160","units","0","v44312673","36.3","117.29","","","","2"
"2002","British Columbia [59]","2016A000259","Violent crime severity index","Index","160","units","0","v44312673","36.3","121.23","","","","2"
"2003","British Columbia [59]","2016A000259","Violent crime severity index","Index","160","units","0","v44312673","36.3","117.11","","","","2"
"2004","British Columbia [59]","2016A000259","Violent crime severity index","Index","160","units","0","v44312673","36.3","120.20","","","","2"
"2005","British Columbia [59]","2016A000259","Violent crime severity index","Index","160","units","0","v44312673","36.3","119.55","","","","2"
"2006","British Columbia [59]","2016A000259","Violent crime severity index","Index","160","units","0","v44312673","36.3","120.93","","","","2"
"2007","British Columbia [59]","2016A000259","Violent crime severity index","Index","160","units","0","v44312673","36.3","117.71","","","","2"
"2008","British Columbia [59]","2016A000259","Violent crime severity index","Index","160","units","0","v44312673","36.3","115.91","","","","2"
"2009","British Columbia [59]","2016A000259","Violent crime severity index","Index","160","units","0","v44312673","36.3","112.77","","","","2"
"2010","British Columbia [59]","2016A000259","Violent crime severity index","Index","160","units","0","v44312673","36.3","103.97","","","","2"
"2011","British Columbia [59]","2016A000259","Violent crime severity index","Index","160","units","0","v44312673","36.3","95.98","","","","2"
"2012","British Columbia [59]","2016A000259","Violent crime severity index","Index","160","units","0","v44312673","36.3","90.60","","","","2"
"2013","British Columbia [59]","2016A000259","Violent crime severity index","Index","160","units","0","v44312673","36.3","79.70","","","","2"
"2014","British Columbia [59]","2016A000259","Violent crime severity index","Index","160","units","0","v44312673","36.3","76.12","","","","2"
"2015","British Columbia [59]","2016A000259","Violent crime severity index","Index","160","units","0","v44312673","36.3","81.55","","","","2"
"2016","British Columbia [59]","2016A000259","Violent crime severity index","Index","160","units","0","v44312673","36.3","73.54","","","","2"
"2017","British Columbia [59]","2016A000259","Violent crime severity index","Index","160","units","0","v44312673","36.3","74.50","","","","2"
"2018","British Columbia [59]","2016A000259","Violent crime severity index","Index","160","units","0","v44312673","36.3","75.17","","","","2"
"2019","British Columbia [59]","2016A000259","Violent crime severity index","Index","160","units","0","v44312673","36.3","91.74","","","","2"
"2020","British Columbia [59]","2016A000259","Violent crime severity index","Index","160","units","0","v44312673","36.3","91.22","","","","2"
"2021","British Columbia [59]","2016A000259","Violent crime severity index","Index","160","units","0","v44312673","36.3","95.16","","","","2"
"2000","British Columbia [59]","2016A000259","Percent change in violent crime severity index","Percent","239","units","0","v44312674","36.4","-8.45","","","","2"
"2001","British Columbia [59]","2016A000259","Percent change in violent crime severity index","Percent","239","units","0","v44312674","36.4","-4.02","","","","2"
"2002","British Columbia [59]","2016A000259","Percent change in violent crime severity index","Percent","239","units","0","v44312674","36.4","3.36","","","","2"
"2003","British Columbia [59]","2016A000259","Percent change in violent crime severity index","Percent","239","units","0","v44312674","36.4","-3.40","","","","2"
"2004","British Columbia [59]","2016A000259","Percent change in violent crime severity index","Percent","239","units","0","v44312674","36.4","2.64","","","","2"
"2005","British Columbia [59]","2016A000259","Percent change in violent crime severity index","Percent","239","units","0","v44312674","36.4","-0.54","","","","2"
"2006","British Columbia [59]","2016A000259","Percent change in violent crime severity index","Percent","239","units","0","v44312674","36.4","1.15","","","","2"
"2007","British Columbia [59]","2016A000259","Percent change in violent crime severity index","Percent","239","units","0","v44312674","36.4","-2.66","","","","2"
"2008","British Columbia [59]","2016A000259","Percent change in violent crime severity index","Percent","239","units","0","v44312674","36.4","-1.53","","","","2"
"2009","British Columbia [59]","2016A000259","Percent change in violent crime severity index","Percent","239","units","0","v44312674","36.4","-2.71","","","","2"
"2010","British Columbia [59]","2016A000259","Percent change in violent crime severity index","Percent","239","units","0","v44312674","36.4","-7.80","","","","2"
"2011","British Columbia [59]","2016A000259","Percent change in violent crime severity index","Percent","239","units","0","v44312674","36.4","-7.68","","","","2"
"2012","British Columbia [59]","2016A000259","Percent change in violent crime severity index","Percent","239","units","0","v44312674","36.4","-5.61","","","","2"
"2013","British Columbia [59]","2016A000259","Percent change in violent crime severity index","Percent","239","units","0","v44312674","36.4","-12.03","","","","2"
"2014","British Columbia [59]","2016A000259","Percent change in violent crime severity index","Percent","239","units","0","v44312674","36.4","-4.49","","","","2"
"2015","British Columbia [59]","2016A000259","Percent change in violent crime severity index","Percent","239","units","0","v44312674","36.4","7.13","","","","2"
"2016","British Columbia [59]","2016A000259","Percent change in violent crime severity index","Percent","239","units","0","v44312674","36.4","-9.82","","","","2"
"2017","British Columbia [59]","2016A000259","Percent change in violent crime severity index","Percent","239","units","0","v44312674","36.4","1.31","","","","2"
"2018","British Columbia [59]","2016A000259","Percent change in violent crime severity index","Percent","239","units","0","v44312674","36.4","0.90","","","","2"
"2019","British Columbia [59]","2016A000259","Percent change in violent crime severity index","Percent","239","units","0","v44312674","36.4","22.04","","","","2"
"2020","British Columbia [59]","2016A000259","Percent change in violent crime severity index","Percent","239","units","0","v44312674","36.4","-0.57","","","","2"
"2021","British Columbia [59]","2016A000259","Percent change in violent crime severity index","Percent","239","units","0","v44312674","36.4","4.32","","","","2"
"2000","British Columbia [59]","2016A000259","Non-violent crime severity index","Index","160","units","0","v44312675","36.5","153.28","","","","2"
"2001","British Columbia [59]","2016A000259","Non-violent crime severity index","Index","160","units","0","v44312675","36.5","157.93","","","","2"
"2002","British Columbia [59]","2016A000259","Non-violent crime severity index","Index","160","units","0","v44312675","36.5","158.43","","","","2"
"2003","British Columbia [59]","2016A000259","Non-violent crime severity index","Index","160","units","0","v44312675","36.5","169.14","","","","2"
"2004","British Columbia [59]","2016A000259","Non-violent crime severity index","Index","160","units","0","v44312675","36.5","166.14","","","","2"
"2005","British Columbia [59]","2016A000259","Non-violent crime severity index","Index","160","units","0","v44312675","36.5","156.60","","","","2"
"2006","British Columbia [59]","2016A000259","Non-violent crime severity index","Index","160","units","0","v44312675","36.5","147.04","","","","2"
"2007","British Columbia [59]","2016A000259","Non-violent crime severity index","Index","160","units","0","v44312675","36.5","138.07","","","","2"
"2008","British Columbia [59]","2016A000259","Non-violent crime severity index","Index","160","units","0","v44312675","36.5","124.08","","","","2"
"2009","British Columbia [59]","2016A000259","Non-violent crime severity index","Index","160","units","0","v44312675","36.5","111.50","","","","2"
"2010","British Columbia [59]","2016A000259","Non-violent crime severity index","Index","160","units","0","v44312675","36.5","104.19","","","","2"
"2011","British Columbia [59]","2016A000259","Non-violent crime severity index","Index","160","units","0","v44312675","36.5","96.77","","","","2"
"2012","British Columbia [59]","2016A000259","Non-violent crime severity index","Index","160","units","0","v44312675","36.5","95.77","","","","2"
"2013","British Columbia [59]","2016A000259","Non-violent crime severity index","Index","160","units","0","v44312675","36.5","90.45","","","","2"
"2014","British Columbia [59]","2016A000259","Non-violent crime severity index","Index","160","units","0","v44312675","36.5","95.12","","","","2"
"2015","British Columbia [59]","2016A000259","Non-violent crime severity index","Index","160","units","0","v44312675","36.5","96.50","","","","2"
"2016","British Columbia [59]","2016A000259","Non-violent crime severity index","Index","160","units","0","v44312675","36.5","98.06","","","","2"
"2017","British Columbia [59]","2016A000259","Non-violent crime severity index","Index","160","units","0","v44312675","36.5","91.48","","","","2"
"2018","British Columbia [59]","2016A000259","Non-violent crime severity index","Index","160","units","0","v44312675","36.5","93.54","","","","2"
"2019","British Columbia [59]","2016A000259","Non-violent crime severity index","Index","160","units","0","v44312675","36.5","108.55","","","","2"
"2020","British Columbia [59]","2016A000259","Non-violent crime severity index","Index","160","units","0","v44312675","36.5","99.32","","","","2"
"2021","British Columbia [59]","2016A000259","Non-violent crime severity index","Index","160","units","0","v44312675","36.5","91.82","","","","2"
"2000","British Columbia [59]","2016A000259","Percent change in non-violent crime severity index","Percent","239","units","0","v44312676","36.6","-6.72","","","","2"
"2001","British Columbia [59]","2016A000259","Percent change in non-violent crime severity index","Percent","239","units","0","v44312676","36.6","3.03","","","","2"
"2002","British Columbia [59]","2016A000259","Percent change in non-violent crime severity index","Percent","239","units","0","v44312676","36.6","0.32","","","","2"
"2003","British Columbia [59]","2016A000259","Percent change in non-violent crime severity index","Percent","239","units","0","v44312676","36.6","6.76","","","","2"
"2004","British Columbia [59]","2016A000259","Percent change in non-violent crime severity index","Percent","239","units","0","v44312676","36.6","-1.77","","","","2"
"2005","British Columbia [59]","2016A000259","Percent change in non-violent crime severity index","Percent","239","units","0","v44312676","36.6","-5.74","","","","2"
"2006","British Columbia [59]","2016A000259","Percent change in non-violent crime severity index","Percent","239","units","0","v44312676","36.6","-6.10","","","","2"
"2007","British Columbia [59]","2016A000259","Percent change in non-violent crime severity index","Percent","239","units","0","v44312676","36.6","-6.10","","","","2"
"2008","British Columbia [59]","2016A000259","Percent change in non-violent crime severity index","Percent","239","units","0","v44312676","36.6","-10.13","","","","2"
"2009","British Columbia [59]","2016A000259","Percent change in non-violent crime severity index","Percent","239","units","0","v44312676","36.6","-10.14","","","","2"
"2010","British Columbia [59]","2016A000259","Percent change in non-violent crime severity index","Percent","239","units","0","v44312676","36.6","-6.56","","","","2"
"2011","British Columbia [59]","2016A000259","Percent change in non-violent crime severity index","Percent","239","units","0","v44312676","36.6","-7.12","","","","2"
"2012","British Columbia [59]","2016A000259","Percent change in non-violent crime severity index","Percent","239","units","0","v44312676","36.6","-1.03","","","","2"
"2013","British Columbia [59]","2016A000259","Percent change in non-violent crime severity index","Percent","239","units","0","v44312676","36.6","-5.55","","","","2"
"2014","British Columbia [59]","2016A000259","Percent change in non-violent crime severity index","Percent","239","units","0","v44312676","36.6","5.16","","","","2"
"2015","British Columbia [59]","2016A000259","Percent change in non-violent crime severity index","Percent","239","units","0","v44312676","36.6","1.45","","","","2"
"2016","British Columbia [59]","2016A000259","Percent change in non-violent crime severity index","Percent","239","units","0","v44312676","36.6","1.62","","","","2"
"2017","British Columbia [59]","2016A000259","Percent change in non-violent crime severity index","Percent","239","units","0","v44312676","36.6","-6.71","","","","2"
"2018","British Columbia [59]","2016A000259","Percent change in non-violent crime severity index","Percent","239","units","0","v44312676","36.6","2.25","","","","2"
"2019","British Columbia [59]","2016A000259","Percent change in non-violent crime severity index","Percent","239","units","0","v44312676","36.6","16.05","","","","2"
"2020","British Columbia [59]","2016A000259","Percent change in non-violent crime severity index","Percent","239","units","0","v44312676","36.6","-8.50","","","","2"
"2021","British Columbia [59]","2016A000259","Percent change in non-violent crime severity index","Percent","239","units","0","v44312676","36.6","-7.55","","","","2"
"2000","British Columbia [59]","2016A000259","Youth crime severity index","Index","160","units","0","v53079734","36.7","106.35","","","","2"
"2001","British Columbia [59]","2016A000259","Youth crime severity index","Index","160","units","0","v53079734","36.7","109.80","","","","2"
"2002","British Columbia [59]","2016A000259","Youth crime severity index","Index","160","units","0","v53079734","36.7","104.44","","","","2"
"2003","British Columbia [59]","2016A000259","Youth crime severity index","Index","160","units","0","v53079734","36.7","94.71","","","","2"
"2004","British Columbia [59]","2016A000259","Youth crime severity index","Index","160","units","0","v53079734","36.7","86.26","","","","2"
"2005","British Columbia [59]","2016A000259","Youth crime severity index","Index","160","units","0","v53079734","36.7","77.80","","","","2"
"2006","British Columbia [59]","2016A000259","Youth crime severity index","Index","160","units","0","v53079734","36.7","80.45","","","","2"
"2007","British Columbia [59]","2016A000259","Youth crime severity index","Index","160","units","0","v53079734","36.7","75.49","","","","2"
"2008","British Columbia [59]","2016A000259","Youth crime severity index","Index","160","units","0","v53079734","36.7","72.22","","","","2"
"2009","British Columbia [59]","2016A000259","Youth crime severity index","Index","160","units","0","v53079734","36.7","73.67","","","","2"
"2010","British Columbia [59]","2016A000259","Youth crime severity index","Index","160","units","0","v53079734","36.7","70.72","","","","2"
"2011","British Columbia [59]","2016A000259","Youth crime severity index","Index","160","units","0","v53079734","36.7","60.42","","","","2"
"2012","British Columbia [59]","2016A000259","Youth crime severity index","Index","160","units","0","v53079734","36.7","57.51","","","","2"
"2013","British Columbia [59]","2016A000259","Youth crime severity index","Index","160","units","0","v53079734","36.7","51.32","","","","2"
"2014","British Columbia [59]","2016A000259","Youth crime severity index","Index","160","units","0","v53079734","36.7","40.00","","","","2"
"2015","British Columbia [59]","2016A000259","Youth crime severity index","Index","160","units","0","v53079734","36.7","38.85","","","","2"
"2016","British Columbia [59]","2016A000259","Youth crime severity index","Index","160","units","0","v53079734","36.7","35.97","","","","2"
"2017","British Columbia [59]","2016A000259","Youth crime severity index","Index","160","units","0","v53079734","36.7","37.35","","","","2"
"2018","British Columbia [59]","2016A000259","Youth crime severity index","Index","160","units","0","v53079734","36.7","33.89","","","","2"
"2019","British Columbia [59]","2016A000259","Youth crime severity index","Index","160","units","0","v53079734","36.7","38.82","","","","2"
"2020","British Columbia [59]","2016A000259","Youth crime severity index","Index","160","units","0","v53079734","36.7","29.39","","","","2"
"2021","British Columbia [59]","2016A000259","Youth crime severity index","Index","160","units","0","v53079734","36.7","26.92","","","","2"
"2000","British Columbia [59]","2016A000259","Percent change in youth crime severity index","Percent","239","units","0","v53079735","36.8","-1.42","","","","2"
"2001","British Columbia [59]","2016A000259","Percent change in youth crime severity index","Percent","239","units","0","v53079735","36.8","3.24","","","","2"
"2002","British Columbia [59]","2016A000259","Percent change in youth crime severity index","Percent","239","units","0","v53079735","36.8","-4.88","","","","2"
"2003","British Columbia [59]","2016A000259","Percent change in youth crime severity index","Percent","239","units","0","v53079735","36.8","-9.32","","","","2"
"2004","British Columbia [59]","2016A000259","Percent change in youth crime severity index","Percent","239","units","0","v53079735","36.8","-8.92","","","","2"
"2005","British Columbia [59]","2016A000259","Percent change in youth crime severity index","Percent","239","units","0","v53079735","36.8","-9.81","","","","2"
"2006","British Columbia [59]","2016A000259","Percent change in youth crime severity index","Percent","239","units","0","v53079735","36.8","3.41","","","","2"
"2007","British Columbia [59]","2016A000259","Percent change in youth crime severity index","Percent","239","units","0","v53079735","36.8","-6.17","","","","2"
"2008","British Columbia [59]","2016A000259","Percent change in youth crime severity index","Percent","239","units","0","v53079735","36.8","-4.33","","","","2"
"2009","British Columbia [59]","2016A000259","Percent change in youth crime severity index","Percent","239","units","0","v53079735","36.8","2.01","","","","2"
"2010","British Columbia [59]","2016A000259","Percent change in youth crime severity index","Percent","239","units","0","v53079735","36.8","-4.00","","","","2"
"2011","British Columbia [59]","2016A000259","Percent change in youth crime severity index","Percent","239","units","0","v53079735","36.8","-14.56","","","","2"
"2012","British Columbia [59]","2016A000259","Percent change in youth crime severity index","Percent","239","units","0","v53079735","36.8","-4.82","","","","2"
"2013","British Columbia [59]","2016A000259","Percent change in youth crime severity index","Percent","239","units","0","v53079735","36.8","-10.76","","","","2"
"2014","British Columbia [59]","2016A000259","Percent change in youth crime severity index","Percent","239","units","0","v53079735","36.8","-22.06","","","","2"
"2015","British Columbia [59]","2016A000259","Percent change in youth crime severity index","Percent","239","units","0","v53079735","36.8","-2.88","","","","2"
"2016","British Columbia [59]","2016A000259","Percent change in youth crime severity index","Percent","239","units","0","v53079735","36.8","-7.41","","","","2"
"2017","British Columbia [59]","2016A000259","Percent change in youth crime severity index","Percent","239","units","0","v53079735","36.8","3.84","","","","2"
"2018","British Columbia [59]","2016A000259","Percent change in youth crime severity index","Percent","239","units","0","v53079735","36.8","-9.26","","","","2"
"2019","British Columbia [59]","2016A000259","Percent change in youth crime severity index","Percent","239","units","0","v53079735","36.8","14.55","","","","2"
"2020","British Columbia [59]","2016A000259","Percent change in youth crime severity index","Percent","239","units","0","v53079735","36.8","-24.29","","","","2"
"2021","British Columbia [59]","2016A000259","Percent change in youth crime severity index","Percent","239","units","0","v53079735","36.8","-8.40","","","","2"
"2000","British Columbia [59]","2016A000259","Youth violent crime severity index","Index","160","units","0","v53079736","36.9","82.65","","","","2"
"2001","British Columbia [59]","2016A000259","Youth violent crime severity index","Index","160","units","0","v53079736","36.9","83.61","","","","2"
"2002","British Columbia [59]","2016A000259","Youth violent crime severity index","Index","160","units","0","v53079736","36.9","86.78","","","","2"
"2003","British Columbia [59]","2016A000259","Youth violent crime severity index","Index","160","units","0","v53079736","36.9","70.01","","","","2"
"2004","British Columbia [59]","2016A000259","Youth violent crime severity index","Index","160","units","0","v53079736","36.9","68.56","","","","2"
"2005","British Columbia [59]","2016A000259","Youth violent crime severity index","Index","160","units","0","v53079736","36.9","66.37","","","","2"
"2006","British Columbia [59]","2016A000259","Youth violent crime severity index","Index","160","units","0","v53079736","36.9","75.72","","","","2"
"2007","British Columbia [59]","2016A000259","Youth violent crime severity index","Index","160","units","0","v53079736","36.9","66.21","","","","2"
"2008","British Columbia [59]","2016A000259","Youth violent crime severity index","Index","160","units","0","v53079736","36.9","69.16","","","","2"
"2009","British Columbia [59]","2016A000259","Youth violent crime severity index","Index","160","units","0","v53079736","36.9","69.83","","","","2"
"2010","British Columbia [59]","2016A000259","Youth violent crime severity index","Index","160","units","0","v53079736","36.9","69.95","","","","2"
"2011","British Columbia [59]","2016A000259","Youth violent crime severity index","Index","160","units","0","v53079736","36.9","58.88","","","","2"
"2012","British Columbia [59]","2016A000259","Youth violent crime severity index","Index","160","units","0","v53079736","36.9","55.12","","","","2"
"2013","British Columbia [59]","2016A000259","Youth violent crime severity index","Index","160","units","0","v53079736","36.9","54.50","","","","2"
"2014","British Columbia [59]","2016A000259","Youth violent crime severity index","Index","160","units","0","v53079736","36.9","39.69","","","","2"
"2015","British Columbia [59]","2016A000259","Youth violent crime severity index","Index","160","units","0","v53079736","36.9","40.16","","","","2"
"2016","British Columbia [59]","2016A000259","Youth violent crime severity index","Index","160","units","0","v53079736","36.9","37.02","","","","2"
"2017","British Columbia [59]","2016A000259","Youth violent crime severity index","Index","160","units","0","v53079736","36.9","41.79","","","","2"
"2018","British Columbia [59]","2016A000259","Youth violent crime severity index","Index","160","units","0","v53079736","36.9","38.61","","","","2"
"2019","British Columbia [59]","2016A000259","Youth violent crime severity index","Index","160","units","0","v53079736","36.9","50.47","","","","2"
"2020","British Columbia [59]","2016A000259","Youth violent crime severity index","Index","160","units","0","v53079736","36.9","40.30","","","","2"
"2021","British Columbia [59]","2016A000259","Youth violent crime severity index","Index","160","units","0","v53079736","36.9","38.24","","","","2"
"2000","British Columbia [59]","2016A000259","Percent change in youth violent crime severity index","Percent","239","units","0","v53079929","36.10","-5.25","","","","2"
"2001","British Columbia [59]","2016A000259","Percent change in youth violent crime severity index","Percent","239","units","0","v53079929","36.10","1.16","","","","2"
"2002","British Columbia [59]","2016A000259","Percent change in youth violent crime severity index","Percent","239","units","0","v53079929","36.10","3.79","","","","2"
"2003","British Columbia [59]","2016A000259","Percent change in youth violent crime severity index","Percent","239","units","0","v53079929","36.10","-19.32","","","","2"
"2004","British Columbia [59]","2016A000259","Percent change in youth violent crime severity index","Percent","239","units","0","v53079929","36.10","-2.07","","","","2"
"2005","British Columbia [59]","2016A000259","Percent change in youth violent crime severity index","Percent","239","units","0","v53079929","36.10","-3.19","","","","2"
"2006","British Columbia [59]","2016A000259","Percent change in youth violent crime severity index","Percent","239","units","0","v53079929","36.10","14.09","","","","2"
"2007","British Columbia [59]","2016A000259","Percent change in youth violent crime severity index","Percent","239","units","0","v53079929","36.10","-12.56","","","","2"
"2008","British Columbia [59]","2016A000259","Percent change in youth violent crime severity index","Percent","239","units","0","v53079929","36.10","4.46","","","","2"
"2009","British Columbia [59]","2016A000259","Percent change in youth violent crime severity index","Percent","239","units","0","v53079929","36.10","0.97","","","","2"
"2010","British Columbia [59]","2016A000259","Percent change in youth violent crime severity index","Percent","239","units","0","v53079929","36.10","0.17","","","","2"
"2011","British Columbia [59]","2016A000259","Percent change in youth violent crime severity index","Percent","239","units","0","v53079929","36.10","-15.83","","","","2"
"2012","British Columbia [59]","2016A000259","Percent change in youth violent crime severity index","Percent","239","units","0","v53079929","36.10","-6.39","","","","2"
"2013","British Columbia [59]","2016A000259","Percent change in youth violent crime severity index","Percent","239","units","0","v53079929","36.10","-1.12","","","","2"
"2014","British Columbia [59]","2016A000259","Percent change in youth violent crime severity index","Percent","239","units","0","v53079929","36.10","-27.17","","","","2"
"2015","British Columbia [59]","2016A000259","Percent change in youth violent crime severity index","Percent","239","units","0","v53079929","36.10","1.18","","","","2"
"2016","British Columbia [59]","2016A000259","Percent change in youth violent crime severity index","Percent","239","units","0","v53079929","36.10","-7.82","","","","2"
"2017","British Columbia [59]","2016A000259","Percent change in youth violent crime severity index","Percent","239","units","0","v53079929","36.10","12.88","","","","2"
"2018","British Columbia [59]","2016A000259","Percent change in youth violent crime severity index","Percent","239","units","0","v53079929","36.10","-7.61","","","","2"
"2019","British Columbia [59]","2016A000259","Percent change in youth violent crime severity index","Percent","239","units","0","v53079929","36.10","30.72","","","","2"
"2020","British Columbia [59]","2016A000259","Percent change in youth violent crime severity index","Percent","239","units","0","v53079929","36.10","-20.15","","","","2"
"2021","British Columbia [59]","2016A000259","Percent change in youth violent crime severity index","Percent","239","units","0","v53079929","36.10","-5.11","","","","2"
"2000","British Columbia [59]","2016A000259","Youth non-violent crime severity index","Index","160","units","0","v53079726","36.11","124.40","","","","2"
"2001","British Columbia [59]","2016A000259","Youth non-violent crime severity index","Index","160","units","0","v53079726","36.11","129.76","","","","2"
"2002","British Columbia [59]","2016A000259","Youth non-violent crime severity index","Index","160","units","0","v53079726","36.11","117.90","","","","2"
"2003","British Columbia [59]","2016A000259","Youth non-violent crime severity index","Index","160","units","0","v53079726","36.11","113.53","","","","2"
"2004","British Columbia [59]","2016A000259","Youth non-violent crime severity index","Index","160","units","0","v53079726","36.11","99.74","","","","2"
"2005","British Columbia [59]","2016A000259","Youth non-violent crime severity index","Index","160","units","0","v53079726","36.11","86.50","","","","2"
"2006","British Columbia [59]","2016A000259","Youth non-violent crime severity index","Index","160","units","0","v53079726","36.11","84.06","","","","2"
"2007","British Columbia [59]","2016A000259","Youth non-violent crime severity index","Index","160","units","0","v53079726","36.11","82.56","","","","2"
"2008","British Columbia [59]","2016A000259","Youth non-violent crime severity index","Index","160","units","0","v53079726","36.11","74.55","","","","2"
"2009","British Columbia [59]","2016A000259","Youth non-violent crime severity index","Index","160","units","0","v53079726","36.11","76.60","","","","2"
"2010","British Columbia [59]","2016A000259","Youth non-violent crime severity index","Index","160","units","0","v53079726","36.11","71.30","","","","2"
"2011","British Columbia [59]","2016A000259","Youth non-violent crime severity index","Index","160","units","0","v53079726","36.11","61.24","","","","2"
"2012","British Columbia [59]","2016A000259","Youth non-violent crime severity index","Index","160","units","0","v53079726","36.11","58.95","","","","2"
"2013","British Columbia [59]","2016A000259","Youth non-violent crime severity index","Index","160","units","0","v53079726","36.11","48.83","","","","2"
"2014","British Columbia [59]","2016A000259","Youth non-violent crime severity index","Index","160","units","0","v53079726","36.11","40.05","","","","2"
"2015","British Columbia [59]","2016A000259","Youth non-violent crime severity index","Index","160","units","0","v53079726","36.11","37.75","","","","2"
"2016","British Columbia [59]","2016A000259","Youth non-violent crime severity index","Index","160","units","0","v53079726","36.11","34.93","","","","2"
"2017","British Columbia [59]","2016A000259","Youth non-violent crime severity index","Index","160","units","0","v53079726","36.11","33.98","","","","2"
"2018","British Columbia [59]","2016A000259","Youth non-violent crime severity index","Index","160","units","0","v53079726","36.11","30.36","","","","2"
"2019","British Columbia [59]","2016A000259","Youth non-violent crime severity index","Index","160","units","0","v53079726","36.11","30.51","","","","2"
"2020","British Columbia [59]","2016A000259","Youth non-violent crime severity index","Index","160","units","0","v53079726","36.11","21.67","","","","2"
"2021","British Columbia [59]","2016A000259","Youth non-violent crime severity index","Index","160","units","0","v53079726","36.11","18.96","","","","2"
"2000","British Columbia [59]","2016A000259","Percent change in youth non-violent crime severity index","Percent","239","units","0","v53079727","36.12","0.65","","","","2"
"2001","British Columbia [59]","2016A000259","Percent change in youth non-violent crime severity index","Percent","239","units","0","v53079727","36.12","4.31","","","","2"
"2002","British Columbia [59]","2016A000259","Percent change in youth non-violent crime severity index","Percent","239","units","0","v53079727","36.12","-9.14","","","","2"
"2003","British Columbia [59]","2016A000259","Percent change in youth non-violent crime severity index","Percent","239","units","0","v53079727","36.12","-3.71","","","","2"
"2004","British Columbia [59]","2016A000259","Percent change in youth non-violent crime severity index","Percent","239","units","0","v53079727","36.12","-12.15","","","","2"
"2005","British Columbia [59]","2016A000259","Percent change in youth non-violent crime severity index","Percent","239","units","0","v53079727","36.12","-13.27","","","","2"
"2006","British Columbia [59]","2016A000259","Percent change in youth non-violent crime severity index","Percent","239","units","0","v53079727","36.12","-2.82","","","","2"
"2007","British Columbia [59]","2016A000259","Percent change in youth non-violent crime severity index","Percent","239","units","0","v53079727","36.12","-1.78","","","","2"
"2008","British Columbia [59]","2016A000259","Percent change in youth non-violent crime severity index","Percent","239","units","0","v53079727","36.12","-9.70","","","","2"
"2009","British Columbia [59]","2016A000259","Percent change in youth non-violent crime severity index","Percent","239","units","0","v53079727","36.12","2.75","","","","2"
"2010","British Columbia [59]","2016A000259","Percent change in youth non-violent crime severity index","Percent","239","units","0","v53079727","36.12","-6.92","","","","2"
"2011","British Columbia [59]","2016A000259","Percent change in youth non-violent crime severity index","Percent","239","units","0","v53079727","36.12","-14.11","","","","2"
"2012","British Columbia [59]","2016A000259","Percent change in youth non-violent crime severity index","Percent","239","units","0","v53079727","36.12","-3.74","","","","2"
"2013","British Columbia [59]","2016A000259","Percent change in youth non-violent crime severity index","Percent","239","units","0","v53079727","36.12","-17.17","","","","2"
"2014","British Columbia [59]","2016A000259","Percent change in youth non-violent crime severity index","Percent","239","units","0","v53079727","36.12","-17.98","","","","2"
"2015","British Columbia [59]","2016A000259","Percent change in youth non-violent crime severity index","Percent","239","units","0","v53079727","36.12","-5.74","","","","2"
"2016","British Columbia [59]","2016A000259","Percent change in youth non-violent crime severity index","Percent","239","units","0","v53079727","36.12","-7.47","","","","2"
"2017","British Columbia [59]","2016A000259","Percent change in youth non-violent crime severity index","Percent","239","units","0","v53079727","36.12","-2.72","","","","2"
"2018","British Columbia [59]","2016A000259","Percent change in youth non-violent crime severity index","Percent","239","units","0","v53079727","36.12","-10.65","","","","2"
"2019","British Columbia [59]","2016A000259","Percent change in youth non-violent crime severity index","Percent","239","units","0","v53079727","36.12","0.49","","","","2"
"2020","British Columbia [59]","2016A000259","Percent change in youth non-violent crime severity index","Percent","239","units","0","v53079727","36.12","-28.97","","","","2"
"2021","British Columbia [59]","2016A000259","Percent change in youth non-violent crime severity index","Percent","239","units","0","v53079727","36.12","-12.51","","","","2"
"2000","British Columbia [59]","2016A000259","Weighted clearance rate","Number","223","units","0","v53079728","36.13","26.56","","","","2"
"2001","British Columbia [59]","2016A000259","Weighted clearance rate","Number","223","units","0","v53079728","36.13","25.67","","","","2"
"2002","British Columbia [59]","2016A000259","Weighted clearance rate","Number","223","units","0","v53079728","36.13","25.39","","","","2"
"2003","British Columbia [59]","2016A000259","Weighted clearance rate","Number","223","units","0","v53079728","36.13","23.61","","","","2"
"2004","British Columbia [59]","2016A000259","Weighted clearance rate","Number","223","units","0","v53079728","36.13","23.05","","","","2"
"2005","British Columbia [59]","2016A000259","Weighted clearance rate","Number","223","units","0","v53079728","36.13","23.04","","","","2"
"2006","British Columbia [59]","2016A000259","Weighted clearance rate","Number","223","units","0","v53079728","36.13","24.73","","","","2"
"2007","British Columbia [59]","2016A000259","Weighted clearance rate","Number","223","units","0","v53079728","36.13","24.99","","","","2"
"2008","British Columbia [59]","2016A000259","Weighted clearance rate","Number","223","units","0","v53079728","36.13","26.27","","","","2"
"2009","British Columbia [59]","2016A000259","Weighted clearance rate","Number","223","units","0","v53079728","36.13","28.30","","","","2"
"2010","British Columbia [59]","2016A000259","Weighted clearance rate","Number","223","units","0","v53079728","36.13","30.00","","","","2"
"2011","British Columbia [59]","2016A000259","Weighted clearance rate","Number","223","units","0","v53079728","36.13","30.75","","","","2"
"2012","British Columbia [59]","2016A000259","Weighted clearance rate","Number","223","units","0","v53079728","36.13","29.65","","","","2"
"2013","British Columbia [59]","2016A000259","Weighted clearance rate","Number","223","units","0","v53079728","36.13","30.36","","","","2"
"2014","British Columbia [59]","2016A000259","Weighted clearance rate","Number","223","units","0","v53079728","36.13","28.26","","","","2"
"2015","British Columbia [59]","2016A000259","Weighted clearance rate","Number","223","units","0","v53079728","36.13","27.65","","","","2"
"2016","British Columbia [59]","2016A000259","Weighted clearance rate","Number","223","units","0","v53079728","36.13","28.31","","","","2"
"2017","British Columbia [59]","2016A000259","Weighted clearance rate","Number","223","units","0","v53079728","36.13","29.11","","","","2"
"2018","British Columbia [59]","2016A000259","Weighted clearance rate","Number","223","units","0","v53079728","36.13","27.79","","","","2"
"2019","British Columbia [59]","2016A000259","Weighted clearance rate","Number","223","units","0","v53079728","36.13","25.97","","","","2"
"2020","British Columbia [59]","2016A000259","Weighted clearance rate","Number","223","units","0","v53079728","36.13","25.89","","","","2"
"2021","British Columbia [59]","2016A000259","Weighted clearance rate","Number","223","units","0","v53079728","36.13","24.59","","","","2"
"2000","British Columbia [59]","2016A000259","Percent change in weighted clearance rate","Percent","239","units","0","v53079729","36.14","-6.87","","","","2"
"2001","British Columbia [59]","2016A000259","Percent change in weighted clearance rate","Percent","239","units","0","v53079729","36.14","-3.35","","","","2"
"2002","British Columbia [59]","2016A000259","Percent change in weighted clearance rate","Percent","239","units","0","v53079729","36.14","-1.09","","","","2"
"2003","British Columbia [59]","2016A000259","Percent change in weighted clearance rate","Percent","239","units","0","v53079729","36.14","-7.01","","","","2"
"2004","British Columbia [59]","2016A000259","Percent change in weighted clearance rate","Percent","239","units","0","v53079729","36.14","-2.37","","","","2"
"2005","British Columbia [59]","2016A000259","Percent change in weighted clearance rate","Percent","239","units","0","v53079729","36.14","-0.04","","","","2"
"2006","British Columbia [59]","2016A000259","Percent change in weighted clearance rate","Percent","239","units","0","v53079729","36.14","7.34","","","","2"
"2007","British Columbia [59]","2016A000259","Percent change in weighted clearance rate","Percent","239","units","0","v53079729","36.14","1.05","","","","2"
"2008","British Columbia [59]","2016A000259","Percent change in weighted clearance rate","Percent","239","units","0","v53079729","36.14","5.12","","","","2"
"2009","British Columbia [59]","2016A000259","Percent change in weighted clearance rate","Percent","239","units","0","v53079729","36.14","7.73","","","","2"
"2010","British Columbia [59]","2016A000259","Percent change in weighted clearance rate","Percent","239","units","0","v53079729","36.14","6.01","","","","2"
"2011","British Columbia [59]","2016A000259","Percent change in weighted clearance rate","Percent","239","units","0","v53079729","36.14","2.50","","","","2"
"2012","British Columbia [59]","2016A000259","Percent change in weighted clearance rate","Percent","239","units","0","v53079729","36.14","-3.58","","","","2"
"2013","British Columbia [59]","2016A000259","Percent change in weighted clearance rate","Percent","239","units","0","v53079729","36.14","2.39","","","","2"
"2014","British Columbia [59]","2016A000259","Percent change in weighted clearance rate","Percent","239","units","0","v53079729","36.14","-6.92","","","","2"
"2015","British Columbia [59]","2016A000259","Percent change in weighted clearance rate","Percent","239","units","0","v53079729","36.14","-2.16","","","","2"
"2016","British Columbia [59]","2016A000259","Percent change in weighted clearance rate","Percent","239","units","0","v53079729","36.14","2.39","","","","2"
"2017","British Columbia [59]","2016A000259","Percent change in weighted clearance rate","Percent","239","units","0","v53079729","36.14","2.83","","","","2"
"2018","British Columbia [59]","2016A000259","Percent change in weighted clearance rate","Percent","239","units","0","v53079729","36.14","-4.53","","","","2"
"2019","British Columbia [59]","2016A000259","Percent change in weighted clearance rate","Percent","239","units","0","v53079729","36.14","-6.55","","","","2"
"2020","British Columbia [59]","2016A000259","Percent change in weighted clearance rate","Percent","239","units","0","v53079729","36.14","-0.31","","","","2"
"2021","British Columbia [59]","2016A000259","Percent change in weighted clearance rate","Percent","239","units","0","v53079729","36.14","-5.02","","","","2"
"2000","British Columbia [59]","2016A000259","Violent weighted clearance rate","Number","223","units","0","v53079730","36.15","48.23","","","","2"
"2001","British Columbia [59]","2016A000259","Violent weighted clearance rate","Number","223","units","0","v53079730","36.15","48.33","","","","2"
"2002","British Columbia [59]","2016A000259","Violent weighted clearance rate","Number","223","units","0","v53079730","36.15","48.42","","","","2"
"2003","British Columbia [59]","2016A000259","Violent weighted clearance rate","Number","223","units","0","v53079730","36.15","45.85","","","","2"
"2004","British Columbia [59]","2016A000259","Violent weighted clearance rate","Number","223","units","0","v53079730","36.15","43.07","","","","2"
"2005","British Columbia [59]","2016A000259","Violent weighted clearance rate","Number","223","units","0","v53079730","36.15","42.35","","","","2"
"2006","British Columbia [59]","2016A000259","Violent weighted clearance rate","Number","223","units","0","v53079730","36.15","43.15","","","","2"
"2007","British Columbia [59]","2016A000259","Violent weighted clearance rate","Number","223","units","0","v53079730","36.15","42.87","","","","2"
"2008","British Columbia [59]","2016A000259","Violent weighted clearance rate","Number","223","units","0","v53079730","36.15","44.83","","","","2"
"2009","British Columbia [59]","2016A000259","Violent weighted clearance rate","Number","223","units","0","v53079730","36.15","46.46","","","","2"
"2010","British Columbia [59]","2016A000259","Violent weighted clearance rate","Number","223","units","0","v53079730","36.15","49.52","","","","2"
"2011","British Columbia [59]","2016A000259","Violent weighted clearance rate","Number","223","units","0","v53079730","36.15","49.70","","","","2"
"2012","British Columbia [59]","2016A000259","Violent weighted clearance rate","Number","223","units","0","v53079730","36.15","49.42","","","","2"
"2013","British Columbia [59]","2016A000259","Violent weighted clearance rate","Number","223","units","0","v53079730","36.15","51.83","","","","2"
"2014","British Columbia [59]","2016A000259","Violent weighted clearance rate","Number","223","units","0","v53079730","36.15","53.81","","","","2"
"2015","British Columbia [59]","2016A000259","Violent weighted clearance rate","Number","223","units","0","v53079730","36.15","50.72","","","","2"
"2016","British Columbia [59]","2016A000259","Violent weighted clearance rate","Number","223","units","0","v53079730","36.15","53.72","","","","2"
"2017","British Columbia [59]","2016A000259","Violent weighted clearance rate","Number","223","units","0","v53079730","36.15","54.72","","","","2"
"2018","British Columbia [59]","2016A000259","Violent weighted clearance rate","Number","223","units","0","v53079730","36.15","50.66","","","","2"
"2019","British Columbia [59]","2016A000259","Violent weighted clearance rate","Number","223","units","0","v53079730","36.15","45.58","","","","2"
"2020","British Columbia [59]","2016A000259","Violent weighted clearance rate","Number","223","units","0","v53079730","36.15","44.71","","","","2"
"2021","British Columbia [59]","2016A000259","Violent weighted clearance rate","Number","223","units","0","v53079730","36.15","41.62","","","","2"
"2000","British Columbia [59]","2016A000259","Percent change in violent weighted clearance rate","Percent","239","units","0","v53079731","36.16","-4.51","","","","2"
"2001","British Columbia [59]","2016A000259","Percent change in violent weighted clearance rate","Percent","239","units","0","v53079731","36.16","0.21","","","","2"
"2002","British Columbia [59]","2016A000259","Percent change in violent weighted clearance rate","Percent","239","units","0","v53079731","36.16","0.19","","","","2"
"2003","British Columbia [59]","2016A000259","Percent change in violent weighted clearance rate","Percent","239","units","0","v53079731","36.16","-5.31","","","","2"
"2004","British Columbia [59]","2016A000259","Percent change in violent weighted clearance rate","Percent","239","units","0","v53079731","36.16","-6.06","","","","2"
"2005","British Columbia [59]","2016A000259","Percent change in violent weighted clearance rate","Percent","239","units","0","v53079731","36.16","-1.67","","","","2"
"2006","British Columbia [59]","2016A000259","Percent change in violent weighted clearance rate","Percent","239","units","0","v53079731","36.16","1.89","","","","2"
"2007","British Columbia [59]","2016A000259","Percent change in violent weighted clearance rate","Percent","239","units","0","v53079731","36.16","-0.65","","","","2"
"2008","British Columbia [59]","2016A000259","Percent change in violent weighted clearance rate","Percent","239","units","0","v53079731","36.16","4.57","","","","2"
"2009","British Columbia [59]","2016A000259","Percent change in violent weighted clearance rate","Percent","239","units","0","v53079731","36.16","3.64","","","","2"
"2010","British Columbia [59]","2016A000259","Percent change in violent weighted clearance rate","Percent","239","units","0","v53079731","36.16","6.59","","","","2"
"2011","British Columbia [59]","2016A000259","Percent change in violent weighted clearance rate","Percent","239","units","0","v53079731","36.16","0.36","","","","2"
"2012","British Columbia [59]","2016A000259","Percent change in violent weighted clearance rate","Percent","239","units","0","v53079731","36.16","-0.56","","","","2"
"2013","British Columbia [59]","2016A000259","Percent change in violent weighted clearance rate","Percent","239","units","0","v53079731","36.16","4.88","","","","2"
"2014","British Columbia [59]","2016A000259","Percent change in violent weighted clearance rate","Percent","239","units","0","v53079731","36.16","3.82","","","","2"
"2015","British Columbia [59]","2016A000259","Percent change in violent weighted clearance rate","Percent","239","units","0","v53079731","36.16","-5.74","","","","2"
"2016","British Columbia [59]","2016A000259","Percent change in violent weighted clearance rate","Percent","239","units","0","v53079731","36.16","5.91","","","","2"
"2017","British Columbia [59]","2016A000259","Percent change in violent weighted clearance rate","Percent","239","units","0","v53079731","36.16","1.86","","","","2"
"2018","British Columbia [59]","2016A000259","Percent change in violent weighted clearance rate","Percent","239","units","0","v53079731","36.16","-7.42","","","","2"
"2019","British Columbia [59]","2016A000259","Percent change in violent weighted clearance rate","Percent","239","units","0","v53079731","36.16","-10.03","","","","2"
"2020","British Columbia [59]","2016A000259","Percent change in violent weighted clearance rate","Percent","239","units","0","v53079731","36.16","-1.91","","","","2"
"2021","British Columbia [59]","2016A000259","Percent change in violent weighted clearance rate","Percent","239","units","0","v53079731","36.16","-6.91","","","","2"
"2000","British Columbia [59]","2016A000259","Non-violent weighted clearance rate","Number","223","units","0","v53079732","36.17","19.91","","","","2"
"2001","British Columbia [59]","2016A000259","Non-violent weighted clearance rate","Number","223","units","0","v53079732","36.17","19.20","","","","2"
"2002","British Columbia [59]","2016A000259","Non-violent weighted clearance rate","Number","223","units","0","v53079732","36.17","18.62","","","","2"
"2003","British Columbia [59]","2016A000259","Non-violent weighted clearance rate","Number","223","units","0","v53079732","36.17","17.69","","","","2"
"2004","British Columbia [59]","2016A000259","Non-violent weighted clearance rate","Number","223","units","0","v53079732","36.17","17.49","","","","2"
"2005","British Columbia [59]","2016A000259","Non-violent weighted clearance rate","Number","223","units","0","v53079732","36.17","17.37","","","","2"
"2006","British Columbia [59]","2016A000259","Non-violent weighted clearance rate","Number","223","units","0","v53079732","36.17","18.90","","","","2"
"2007","British Columbia [59]","2016A000259","Non-violent weighted clearance rate","Number","223","units","0","v53079732","36.17","19.13","","","","2"
"2008","British Columbia [59]","2016A000259","Non-violent weighted clearance rate","Number","223","units","0","v53079732","36.17","19.60","","","","2"
"2009","British Columbia [59]","2016A000259","Non-violent weighted clearance rate","Number","223","units","0","v53079732","36.17","21.24","","","","2"
"2010","British Columbia [59]","2016A000259","Non-violent weighted clearance rate","Number","223","units","0","v53079732","36.17","22.51","","","","2"
"2011","British Columbia [59]","2016A000259","Non-violent weighted clearance rate","Number","223","units","0","v53079732","36.17","23.91","","","","2"
"2012","British Columbia [59]","2016A000259","Non-violent weighted clearance rate","Number","223","units","0","v53079732","36.17","22.85","","","","2"
"2013","British Columbia [59]","2016A000259","Non-violent weighted clearance rate","Number","223","units","0","v53079732","36.17","23.48","","","","2"
"2014","British Columbia [59]","2016A000259","Non-violent weighted clearance rate","Number","223","units","0","v53079732","36.17","20.81","","","","2"
"2015","British Columbia [59]","2016A000259","Non-violent weighted clearance rate","Number","223","units","0","v53079732","36.17","20.56","","","","2"
"2016","British Columbia [59]","2016A000259","Non-violent weighted clearance rate","Number","223","units","0","v53079732","36.17","21.46","","","","2"
"2017","British Columbia [59]","2016A000259","Non-violent weighted clearance rate","Number","223","units","0","v53079732","36.17","21.61","","","","2"
"2018","British Columbia [59]","2016A000259","Non-violent weighted clearance rate","Number","223","units","0","v53079732","36.17","21.18","","","","2"
"2019","British Columbia [59]","2016A000259","Non-violent weighted clearance rate","Number","223","units","0","v53079732","36.17","20.01","","","","2"
"2020","British Columbia [59]","2016A000259","Non-violent weighted clearance rate","Number","223","units","0","v53079732","36.17","19.67","","","","2"
"2021","British Columbia [59]","2016A000259","Non-violent weighted clearance rate","Number","223","units","0","v53079732","36.17","18.24","","","","2"
"2000","British Columbia [59]","2016A000259","Percent change in non-violent weighted clearance rate","Percent","239","units","0","v53079733","36.18","-7.99","","","","2"
"2001","British Columbia [59]","2016A000259","Percent change in non-violent weighted clearance rate","Percent","239","units","0","v53079733","36.18","-3.57","","","","2"
"2002","British Columbia [59]","2016A000259","Percent change in non-violent weighted clearance rate","Percent","239","units","0","v53079733","36.18","-3.02","","","","2"
"2003","British Columbia [59]","2016A000259","Percent change in non-violent weighted clearance rate","Percent","239","units","0","v53079733","36.18","-4.99","","","","2"
"2004","British Columbia [59]","2016A000259","Percent change in non-violent weighted clearance rate","Percent","239","units","0","v53079733","36.18","-1.13","","","","2"
"2005","British Columbia [59]","2016A000259","Percent change in non-violent weighted clearance rate","Percent","239","units","0","v53079733","36.18","-0.69","","","","2"
"2006","British Columbia [59]","2016A000259","Percent change in non-violent weighted clearance rate","Percent","239","units","0","v53079733","36.18","8.81","","","","2"
"2007","British Columbia [59]","2016A000259","Percent change in non-violent weighted clearance rate","Percent","239","units","0","v53079733","36.18","1.22","","","","2"
"2008","British Columbia [59]","2016A000259","Percent change in non-violent weighted clearance rate","Percent","239","units","0","v53079733","36.18","2.46","","","","2"
"2009","British Columbia [59]","2016A000259","Percent change in non-violent weighted clearance rate","Percent","239","units","0","v53079733","36.18","8.37","","","","2"
"2010","British Columbia [59]","2016A000259","Percent change in non-violent weighted clearance rate","Percent","239","units","0","v53079733","36.18","5.98","","","","2"
"2011","British Columbia [59]","2016A000259","Percent change in non-violent weighted clearance rate","Percent","239","units","0","v53079733","36.18","6.22","","","","2"
"2012","British Columbia [59]","2016A000259","Percent change in non-violent weighted clearance rate","Percent","239","units","0","v53079733","36.18","-4.43","","","","2"
"2013","British Columbia [59]","2016A000259","Percent change in non-violent weighted clearance rate","Percent","239","units","0","v53079733","36.18","2.76","","","","2"
"2014","British Columbia [59]","2016A000259","Percent change in non-violent weighted clearance rate","Percent","239","units","0","v53079733","36.18","-11.37","","","","2"
"2015","British Columbia [59]","2016A000259","Percent change in non-violent weighted clearance rate","Percent","239","units","0","v53079733","36.18","-1.20","","","","2"
"2016","British Columbia [59]","2016A000259","Percent change in non-violent weighted clearance rate","Percent","239","units","0","v53079733","36.18","4.38","","","","2"
"2017","British Columbia [59]","2016A000259","Percent change in non-violent weighted clearance rate","Percent","239","units","0","v53079733","36.18","0.70","","","","2"
"2018","British Columbia [59]","2016A000259","Percent change in non-violent weighted clearance rate","Percent","239","units","0","v53079733","36.18","-1.99","","","","2"
"2019","British Columbia [59]","2016A000259","Percent change in non-violent weighted clearance rate","Percent","239","units","0","v53079733","36.18","-5.52","","","","2"
"2020","British Columbia [59]","2016A000259","Percent change in non-violent weighted clearance rate","Percent","239","units","0","v53079733","36.18","-1.70","","","","2"
"2021","British Columbia [59]","2016A000259","Percent change in non-violent weighted clearance rate","Percent","239","units","0","v53079733","36.18","-7.27","","","","2"


